date,PM2.5,PM10,SO2,NO2,CO,O3,AQI
2022/1/1,25,56,35,3,0.6,30,51
2022/1/2,12,27,23,2,0.32,38,27
2022/1/3,23,50,39,2,0.51,20,49
2022/1/4,32,55,44,4,0.88,17,52
2022/1/5,61,72,50,2,1.03,10,82
2022/1/6,57,63,47,3,1,17,79
2022/1/7,83,89,61,3,1.34,7,111
2022/1/8,56,61,43,2,0.91,27,78
2022/1/9,46,67,42,2,0.92,15,65
2022/1/10,20,29,20,2,0.45,42,36
2022/1/11,10,23,24,2,0.36,33,23
2022/1/12,16,37,27,2,0.43,29,37
2022/1/13,9,21,21,2,0.33,38,22
2022/1/14,63,79,50,3,0.84,13,90
2022/1/15,46,61,31,2,0.6,36,73
2022/1/16,9,22,23,2,0.35,36,24
2022/1/17,16,35,33,2,0.48,27,35
2022/1/18,47,70,55,5,0.89,11,67
2022/1/19,59,78,42,6,1.17,15,81
2022/1/20,37,43,23,2,0.51,36,54
2022/1/21,57,53,33,2,0.73,23,78
2022/1/22,98,71,48,2,1.48,11,129
2022/1/23,119,73,45,2,1.43,13,157
2022/1/24,148,88,42,2,1.63,15,196
2022/1/25,73,40,23,2,0.83,37,100
2022/1/26,10,13,15,2,0.34,49,18
2022/1/27,13,18,16,2,0.37,46,21
2022/1/28,14,20,15,2,0.37,48,24
2022/1/29,18,26,22,2,0.45,42,27
2022/1/30,86,107,32,2,0.95,34,116
2022/1/31,12,19,6,2,0.26,63,29
2022/2/1,6,11,8,2,0.25,63,21
2022/2/2,12,18,13,2,0.33,55,22
2022/2/3,7,13,9,2,0.27,63,21
2022/2/4,5,9,4,2,0.2,72,23
2022/2/5,7,13,7,1,0.23,69,22
2022/2/6,8,15,10,2,0.26,64,22
2022/2/7,10,20,16,2,0.36,54,22
2022/2/8,14,25,22,2,0.43,47,26
2022/2/9,37,54,35,3,0.69,37,53
2022/2/10,55,79,36,3,0.76,46,75
2022/2/11,50,74,29,3,0.66,53,69
2022/2/12,35,62,20,3,0.63,49,56
2022/2/13,49,70,21,2,0.76,37,68
2022/2/14,13,18,10,2,0.32,65,27
2022/2/15,13,19,13,2,0.32,61,22
2022/2/16,13,20,14,2,0.3,61,23
2022/2/17,25,36,24,2,0.47,51,37
2022/2/18,34,45,21,2,0.44,49,51
2022/2/19,8,15,6,2,0.23,70,22
2022/2/20,8,20,12,2,0.29,59,21
2022/2/21,8,19,9,2,0.25,64,22
2022/2/22,10,18,10,2,0.27,64,22
2022/2/23,14,26,25,2,0.41,45,26
2022/2/24,23,43,33,3,0.52,39,40
2022/2/25,61,101,48,4,0.8,38,84
2022/2/26,10,23,15,2,0.28,66,30
2022/2/27,20,51,37,3,0.5,38,47
2022/2/28,53,105,44,6,0.8,42,78
2022/3/1,6,17,10,2,0.25,68,25
2022/3/2,16,44,25,2,0.4,49,43
2022/3/3,24,68,26,4,0.56,53,57
2022/3/4,27,97,24,2,0.47,54,72
2022/3/5,7,31,10,2,0.23,66,32
2022/3/6,21,52,35,4,0.43,44,48
2022/3/7,25,55,34,3,0.48,46,50
2022/3/8,54,99,48,5,0.75,45,78
2022/3/9,99,166,51,7,1.04,65,132
2022/3/10,153,246,47,5,1.24,79,203
2022/3/11,96,166,36,4,1,64,129
2022/3/12,42,68,28,2,0.62,62,63
2022/3/13,60,81,29,2,0.78,50,82
2022/3/14,30,51,17,2,0.47,68,49
2022/3/15,46,85,24,2,0.65,62,68
2022/3/16,48,113,28,2,0.68,50,82
2022/3/17,17,40,18,3,0.48,50,40
2022/3/18,43,54,24,3,0.58,31,60
2022/3/19,24,28,18,2,0.38,58,38
2022/3/20,37,52,28,2,0.41,51,53
2022/3/21,9,15,15,2,0.25,62,22
2022/3/22,14,27,22,2,0.28,52,28
2022/3/23,53,73,32,2,0.49,34,74
2022/3/24,94,129,42,2,0.78,17,124
2022/3/25,57,141,28,2,0.57,38,114
2022/3/26,14,84,20,2,0.26,59,67
2022/3/27,6,27,12,2,0.2,75,30
2022/3/28,28,87,23,2,0.33,69,69
2022/3/29,53,103,26,2,0.5,51,79
2022/3/30,30,42,19,2,0.49,39,42
2022/3/31,13,19,15,2,0.3,51,30
2022/4/1,12,30,22,2,0.25,58,30
2022/4/2,13,30,19,2,0.28,62,36
2022/4/3,21,58,24,2,0.33,70,52
2022/4/4,67,119,26,3,0.54,96,92
2022/4/5,46,111,22,2,0.45,81,87
2022/4/6,11,67,14,2,0.33,70,59
2022/4/7,26,77,33,2,0.38,53,63
2022/4/8,87,161,35,5,1.03,101,117
2022/4/9,91,163,28,3,0.87,118,122
2022/4/10,94,169,29,4,1.1,120,125
2022/4/11,64,179,29,2,0.73,81,118
2022/4/12,13,87,11,2,0.24,83,69
2022/4/13,28,63,17,2,0.39,88,56
2022/4/14,11,29,16,2,0.24,69,34
2022/4/15,9,22,10,2,0.2,80,29
2022/4/16,12,35,20,2,0.23,66,37
2022/4/17,39,87,37,2,0.4,56,69
2022/4/18,57,104,31,3,0.58,88,79
2022/4/19,50,88,30,2,0.45,87,74
2022/4/20,38,88,24,3,0.43,105,70
2022/4/21,33,118,15,2,0.36,88,84
2022/4/22,10,38,9,2,0.21,86,38
2022/4/23,35,98,25,3,0.46,83,74
2022/4/24,51,138,28,4,0.77,111,94
2022/4/25,64,151,25,4,1.09,108,100
2022/4/26,24,97,9,2,0.34,85,73
2022/4/27,8,28,10,2,0.26,66,28
2022/4/28,14,22,10,2,0.3,60,25
2022/4/29,42,59,18,2,0.39,64,59
2022/4/30,4,11,8,3,0.17,77,26
2022/5/1,10,30,18,2,0.21,63,33
2022/5/2,22,49,24,3,0.42,76,47
2022/5/3,28,68,23,2,0.44,104,61
2022/5/4,31,85,22,3,0.45,123,75
2022/5/5,34,92,16,3,0.44,131,77
2022/5/6,18,58,11,2,0.3,68,52
2022/5/7,15,33,15,2,0.3,56,36
2022/5/8,14,24,11,2,0.31,61,26
2022/5/9,16,30,16,2,0.34,62,32
2022/5/10,51,78,19,3,0.47,47,70
2022/5/11,24,41,16,3,0.39,57,43
2022/5/12,13,24,10,2,0.26,81,30
2022/5/13,6,20,10,2,0.17,71,26
2022/5/14,5,21,12,2,0.19,65,27
2022/5/15,8,23,15,2,0.2,65,28
2022/5/16,11,28,14,2,0.21,74,32
2022/5/17,29,65,24,4,0.43,99,58
2022/5/18,20,40,14,2,0.3,96,44
2022/5/19,35,74,21,3,0.55,126,73
2022/5/20,39,81,19,3,0.56,150,85
2022/5/21,32,72,18,2,0.49,153,81
2022/5/22,30,78,18,3,0.49,154,83
2022/5/23,30,69,16,2,0.46,140,71
2022/5/24,27,62,16,2,0.5,129,66
2022/5/25,4,19,6,2,0.18,90,29
2022/5/26,7,25,13,2,0.2,65,31
2022/5/27,11,37,18,2,0.33,90,43
2022/5/28,25,77,16,4,0.45,157,84
2022/5/29,16,47,9,3,0.33,96,45
2022/5/30,9,27,14,2,0.22,77,31
2022/5/31,17,49,21,3,0.36,102,51
2022/6/1,14,36,19,2,0.33,100,44
2022/6/2,20,53,21,3,0.37,151,78
2022/6/3,34,80,22,5,0.68,172,89
2022/6/4,23,46,9,2,0.45,125,49
2022/6/5,11,30,10,2,0.28,79,37
2022/6/6,2,8,6,2,0.22,81,25
2022/6/7,9,27,12,2,0.4,86,31
2022/6/8,22,49,14,3,0.68,92,48
2022/6/9,24,48,16,2,0.8,77,47
2022/6/10,29,64,14,2,0.73,113,60
2022/6/11,23,55,14,2,0.6,99,51
2022/6/12,17,33,10,2,0.53,99,38
2022/6/13,15,28,12,2,0.44,86,30
2022/6/14,14,28,12,2,0.48,78,36
2022/6/15,21,40,13,2,0.63,94,43
2022/6/16,25,54,16,2,0.6,126,66
2022/6/17,35,73,18,2,0.85,144,78
2022/6/18,34,71,12,2,0.88,161,84
2022/6/19,30,62,10,2,0.8,161,75
2022/6/20,35,75,14,2,0.85,165,85
2022/6/21,59,110,19,3,1.08,159,100
2022/6/22,52,77,16,2,0.92,78,74
2022/6/23,14,19,13,2,0.44,89,41
2022/6/24,4,14,17,2,0.25,85,27
2022/6/25,18,54,23,2,0.4,171,89
2022/6/26,24,56,13,3,0.61,147,58
2022/6/27,25,40,10,2,0.63,97,43
2022/6/28,12,19,9,3,0.44,75,27
2022/6/29,8,14,8,3,0.37,69,22
2022/6/30,13,24,12,2,0.44,80,30
2022/7/1,18,27,9,2,0.58,97,35
2022/7/2,35,51,13,2,0.73,102,57
2022/7/3,23,33,10,3,0.63,103,41
2022/7/4,18,24,11,3,0.58,79,32
2022/7/5,36,49,11,2,0.59,87,56
2022/7/6,8,14,9,2,0.4,75,24
2022/7/7,10,24,17,2,0.38,91,36
2022/7/8,16,40,18,2,0.44,97,45
2022/7/9,10,27,19,2,0.33,63,32
2022/7/10,9,18,11,2,0.36,85,27
2022/7/11,21,37,17,2,0.5,78,37
2022/7/12,14,22,10,3,0.48,79,34
2022/7/13,10,21,15,2,0.52,84,32
2022/7/14,8,22,16,3,0.3,91,35
2022/7/15,9,28,20,2,0.32,92,37
2022/7/16,24,55,19,3,0.61,127,65
2022/7/17,21,41,15,2,0.44,83,45
2022/7/18,7,25,16,2,0.36,88,34
2022/7/19,13,41,20,2,0.4,110,50
2022/7/20,25,55,17,2,0.5,116,59
2022/7/21,19,42,15,2,0.43,131,61
2022/7/22,28,57,20,2,0.51,114,56
2022/7/23,10,20,10,2,0.35,98,31
2022/7/24,23,46,16,2,0.48,117,61
2022/7/25,21,43,14,2,0.45,112,46
2022/7/26,30,49,13,2,0.5,114,52
2022/7/27,18,27,10,2,0.57,87,35
2022/7/28,5,9,9,2,0.35,77,24
2022/7/29,14,26,15,2,0.43,86,34
2022/7/30,35,54,12,3,0.66,107,57
2022/7/31,27,43,13,3,0.5,93,46
2022/8/1,38,58,14,3,0.56,110,63
2022/8/2,41,63,15,2,0.58,107,61
2022/8/3,40,59,12,2,0.51,108,63
2022/8/4,35,56,12,2,0.57,107,55
2022/8/5,16,27,11,2,0.48,109,42
2022/8/6,20,36,17,3,0.55,79,38
2022/8/7,27,38,12,3,0.6,83,43
2022/8/8,8,16,13,2,0.37,56,20
2022/8/9,7,16,13,2,0.37,54,21
2022/8/10,11,24,14,2,0.38,74,33
2022/8/11,18,37,13,3,0.46,93,45
2022/8/12,35,59,13,3,0.62,103,58
2022/8/13,46,65,15,2,0.82,117,66
2022/8/14,28,40,13,2,0.98,60,41
2022/8/15,8,14,12,3,0.55,50,24
2022/8/16,5,13,13,2,0.35,79,26
2022/8/17,26,49,14,2,0.55,94,49
2022/8/18,30,42,14,2,0.65,71,44
2022/8/19,10,14,12,3,0.44,50,26
2022/8/20,10,25,17,2,0.37,74,29
2022/8/21,27,52,15,2,0.49,96,51
2022/8/22,12,16,9,3,0.33,85,29
2022/8/23,3,11,15,2,0.22,39,14
2022/8/24,7,22,15,2,0.28,66,26
2022/8/25,9,24,16,3,0.28,53,29
2022/8/26,6,21,17,3,0.2,38,22
2022/8/27,4,18,16,2,0.16,41,21
2022/8/28,14,38,25,2,0.33,33,38
2022/8/29,18,30,13,3,0.37,56,31
2022/8/30,23,39,19,2,0.44,63,43
2022/8/31,4,12,18,2,0.27,56,20
2022/9/1,8,28,17,2,0.28,70,30
2022/9/2,18,46,20,2,0.44,86,47
2022/9/3,30,59,23,2,0.51,86,54
2022/9/4,34,52,16,2,0.54,94,53
2022/9/5,4,13,13,2,0.2,60,21
2022/9/6,6,23,20,2,0.24,42,26
2022/9/7,8,28,23,2,0.28,57,31
2022/9/8,18,49,29,2,0.39,92,54
2022/9/9,33,72,28,2,0.63,125,76
2022/9/10,45,78,20,2,0.77,145,84
2022/9/11,28,49,14,2,0.58,106,49
2022/9/12,48,78,20,2,0.7,110,74
2022/9/13,56,86,22,2,0.8,103,79
2022/9/14,34,55,17,2,0.64,86,58
2022/9/15,21,46,17,2,0.55,87,49
2022/9/16,25,51,20,2,0.52,95,54
2022/9/17,38,78,26,2,0.64,106,72
2022/9/18,10,29,18,3,0.3,66,32
2022/9/19,5,24,18,3,0.21,52,26
2022/9/20,5,23,15,2,0.15,56,26
2022/9/21,17,52,27,2,0.34,72,49
2022/9/22,17,49,15,2,0.29,63,46
2022/9/23,3,21,11,2,0.17,50,23
2022/9/24,14,44,28,2,0.31,52,41
2022/9/25,43,102,38,3,0.55,84,76
2022/9/26,57,113,40,3,0.77,122,91
2022/9/27,59,112,39,3,0.77,126,97
2022/9/28,58,112,38,3,0.78,120,92
2022/9/29,64,122,37,3,0.83,133,98
2022/9/30,82,143,42,2,0.9,122,116
2022/10/1,69,119,35,2,0.76,76,93
2022/10/2,16,23,12,2,0.44,58,27
2022/10/3,6,10,10,3,0.27,39,16
2022/10/4,2,9,10,3,0.12,47,18
2022/10/5,8,22,18,2,0.18,35,24
2022/10/6,20,44,25,2,0.28,36,43
2022/10/7,49,85,30,2,0.57,44,72
2022/10/8,65,96,29,2,0.57,17,88
2022/10/9,2,8,6,3,0.1,59,19
2022/10/10,3,12,12,2,0.16,53,21
2022/10/11,13,34,27,2,0.32,34,32
2022/10/12,48,89,46,2,0.59,33,72
2022/10/13,86,134,51,2,0.72,42,114
2022/10/14,106,159,50,2,0.74,58,140
2022/10/15,108,157,39,2,0.77,82,142
2022/10/16,8,17,9,2,0.15,53,24
2022/10/17,2,12,11,2,0.16,41,16
2022/10/18,9,29,24,2,0.28,31,29
2022/10/19,36,73,39,3,0.52,33,61
2022/10/20,78,126,51,2,0.66,30,104
2022/10/21,96,144,43,2,0.74,60,127
2022/10/22,22,43,18,2,0.28,53,42
2022/10/23,7,23,23,2,0.26,35,25
2022/10/24,27,63,34,2,0.55,36,55
2022/10/25,86,138,46,4,0.86,49,116
2022/10/26,103,148,40,2,0.72,40,139
2022/10/27,7,20,19,2,0.24,32,22
2022/10/28,20,61,37,2,0.48,9,55
2022/10/29,37,81,39,2,0.64,13,65
2022/10/30,70,108,41,2,0.61,19,94
2022/10/31,24,41,19,2,0.28,41,42
2022/11/1,9,25,26,2,0.25,32,26
2022/11/2,32,67,35,2,0.45,27,58
2022/11/3,24,47,21,2,0.47,34,45
2022/11/4,12,27,19,2,0.23,41,28
2022/11/5,28,56,35,2,0.37,27,50
2022/11/6,79,124,52,2,0.7,18,106
2022/11/7,32,52,30,2,0.42,34,52
2022/11/8,35,68,43,2,0.5,25,58
2022/11/9,75,115,52,2,0.69,22,101
2022/11/10,87,110,32,2,0.79,47,115
2022/11/11,101,127,38,2,1.51,11,135
2022/11/12,3,5,11,2,0.37,42,16
2022/11/13,7,13,17,2,0.2,38,18
2022/11/14,27,54,40,2,0.45,11,50
2022/11/15,19,39,32,2,0.43,28,38
2022/11/16,19,44,38,2,0.44,20,39
2022/11/17,58,97,48,2,0.66,14,83
2022/11/18,83,123,49,3,0.99,14,111
2022/11/19,97,141,44,2,0.97,25,128
2022/11/20,114,169,43,2,1.03,8,151
2022/11/21,39,68,27,2,0.52,24,58
2022/11/22,40,72,38,2,0.61,18,61
2022/11/23,71,106,40,2,0.73,17,95
2022/11/24,116,162,49,2,0.97,8,155
2022/11/25,57,94,24,2,0.55,39,89
2022/11/26,5,22,12,2,0.19,49,23
2022/11/27,18,40,27,2,0.41,27,39
2022/11/28,31,99,20,2,0.34,33,75
2022/11/29,8,43,2,2,0.19,49,42
2022/11/30,8,31,7,2,0.26,47,31
2022/12/1,11,32,12,2,0.22,42,32
2022/12/2,35,69,40,3,0.54,11,59
2022/12/3,12,30,15,2,0.24,46,29
2022/12/4,14,31,24,2,0.28,33,30
2022/12/5,22,46,31,2,0.38,24,44
2022/12/6,25,53,37,2,0.45,23,51
2022/12/7,21,44,38,2,0.43,25,42
2022/12/8,22,46,35,2,0.45,24,44
2022/12/9,42,73,43,3,0.53,20,65
2022/12/10,8,20,9,2,0.18,59,25
2022/12/11,10,23,21,2,0.24,46,25
2022/12/12,140,642,18,2,0.28,46,363
2022/12/13,21,123,3,2,0.18,59,92
2022/12/14,17,61,25,2,0.33,30,55
2022/12/15,11,39,15,2,0.21,42,37
2022/12/16,7,23,9,2,0.19,49,24
2022/12/17,5,30,3,2,0.11,58,30
2022/12/18,12,39,24,2,0.24,33,38
2022/12/19,20,49,38,2,0.37,20,48
2022/12/20,30,67,43,3,0.5,18,58
2022/12/21,7,29,8,2,0.17,52,29
2022/12/22,5,15,4,2,0.15,55,18
2022/12/23,8,18,13,2,0.22,49,18
2022/12/24,14,27,20,2,0.28,46,27
2022/12/25,23,40,34,2,0.46,30,40
2022/12/26,23,50,31,2,0.43,29,47
2022/12/27,11,27,14,2,0.24,45,27
2022/12/28,15,36,26,2,0.34,35,35
2022/12/29,9,21,16,2,0.26,43,22
2022/12/30,19,39,38,2,0.46,20,38
2022/12/31,24,47,37,3,0.49,24,46
2023/1/1,19,38,28,2,0.4,32,38
2023/1/2,10,21,18,2,0.25,46,22
2023/1/3,20,38,32,2,0.43,26,36
2023/1/4,41,70,45,3,0.63,17,63
2023/1/5,79,118,61,4,0.91,12,106
2023/1/6,62,115,45,3,0.69,33,103
2023/1/7,19,81,40,2,0.5,21,66
2023/1/8,25,70,32,2,0.47,31,59
2023/1/9,13,35,24,2,0.35,43,34
2023/1/10,37,69,47,3,0.6,18,60
2023/1/11,60,97,57,4,0.79,9,82
2023/1/12,87,127,58,4,0.88,6,115
2023/1/13,74,91,27,2,0.69,32,100
2023/1/14,2,9,5,2,0.11,66,21
2023/1/15,6,21,9,2,0.2,57,23
2023/1/16,18,43,22,2,0.33,40,43
2023/1/17,26,110,13,2,0.28,51,80
2023/1/18,28,89,24,2,0.37,38,70
2023/1/19,29,100,19,2,0.33,39,71
2023/1/20,9,40,6,2,0.25,54,40
2023/1/21,35,63,23,3,0.48,36,58
2023/1/22,66,114,23,3,0.54,40,93
2023/1/23,37,65,6,2,0.42,56,59
2023/1/24,7,36,5,2,0.2,57,36
2023/1/25,25,46,21,3,0.43,34,44
2023/1/26,21,49,15,2,0.35,43,46
2023/1/27,7,22,7,2,0.22,55,24
2023/1/28,15,74,11,2,0.24,54,62
2023/1/29,21,79,16,2,0.26,51,64
2023/1/30,34,76,37,4,0.52,31,63
2023/1/31,35,92,30,2,0.53,43,70
2023/2/1,8,32,6,2,0.16,63,30
2023/2/2,10,22,19,2,0.26,41,22
2023/2/3,23,44,37,2,0.43,23,42
2023/2/4,28,51,35,3,0.5,36,48
2023/2/5,74,114,54,5,0.82,22,100
2023/2/6,98,140,46,7,1.07,37,129
2023/2/7,47,76,39,4,0.84,38,67
2023/2/8,20,33,26,2,0.38,48,34
2023/2/9,49,70,43,4,0.65,28,68
2023/2/10,85,99,37,2,0.75,26,113
2023/2/11,139,181,38,2,1.01,18,185
2023/2/12,81,100,26,2,0.81,28,108
2023/2/13,6,9,12,2,0.22,65,23
2023/2/14,8,16,21,2,0.26,48,20
2023/2/15,31,55,34,2,0.48,29,52
2023/2/16,68,101,48,3,0.65,20,92
2023/2/17,132,177,62,3,1.04,18,174
2023/2/18,124,159,43,2,0.9,31,164
2023/2/19,5,29,13,2,0.21,66,29
2023/2/20,4,23,15,2,0.19,61,23
2023/2/21,18,40,31,2,0.35,40,36
2023/2/22,56,97,55,3,0.67,21,78
2023/2/23,91,140,66,3,0.8,20,121
2023/2/24,25,40,25,2,0.29,57,43
2023/2/25,9,21,22,2,0.23,52,24
2023/2/26,60,98,39,3,0.55,46,88
2023/2/27,131,185,53,4,0.9,43,173
2023/2/28,59,86,30,2,0.47,53,88
2023/3/1,4,16,18,2,0.19,59,21
2023/3/1,4,16,18,2,0.19,59,21
2023/3/2,19,60,36,2,0.35,41,51
2023/3/3,33,79,40,2,0.45,42,65
2023/3/4,103,168,54,8,1.2,50,139
2023/3/5,162,224,46,3,1.42,63,212
2023/3/6,132,181,43,2,1.1,65,170
2023/3/7,146,216,56,6,1.26,82,190
2023/3/8,73,131,32,3,0.66,72,109
2023/3/9,42,104,46,3,0.53,42,77
2023/3/10,82,397,37,3,0.52,49,243
2023/3/11,19,176,10,2,0.2,67,124
2023/3/12,8,59,8,2,0.18,70,53
2023/3/13,30,96,46,2,0.46,24,73
2023/3/14,42,195,33,3,0.44,44,126
2023/3/15,17,132,5,2,0.17,73,96
2023/3/16,13,54,21,2,0.28,52,49
2023/3/17,43,106,41,3,0.5,27,78
2023/3/18,21,45,28,2,0.3,53,44
2023/3/19,51,97,36,2,0.44,53,80
2023/3/20,113,158,42,3,0.67,53,148
2023/3/21,122,165,41,2,0.77,61,161
2023/3/22,171,679,16,2,0.3,72,336
2023/3/23,35,155,10,3,0.14,68,102
2023/3/24,19,74,18,2,0.23,60,60
2023/3/25,24,71,24,2,0.3,53,58
2023/3/26,22,61,23,2,0.25,60,51
2023/3/27,21,62,25,2,0.24,60,52
2023/3/28,62,132,43,5,0.65,64,92
2023/3/29,88,172,46,4,0.68,92,119
2023/3/30,78,162,38,3,0.58,110,108
2023/3/31,55,117,28,2,0.42,110,84
2023/4/1,53,103,26,2,0.43,102,78
2023/4/2,75,128,41,5,0.64,78,100
2023/4/3,44,90,29,4,0.62,94,70
2023/4/4,17,40,12,2,0.33,79,40
2023/4/5,19,34,15,2,0.28,75,35
2023/4/6,14,42,10,2,0.18,74,42
2023/4/7,5,34,7,2,0.11,73,32
2023/4/8,13,52,18,2,0.2,65,50
2023/4/9,58,118,35,3,0.45,67,86
2023/4/10,108,333,40,2,0.54,58,176
2023/4/11,107,548,5,2,0.15,80,305
2023/4/12,105,388,27,2,0.32,52,277
2023/4/13,161,582,45,2,0.58,43,471
2023/4/14,79,272,23,2,0.35,65,191
2023/4/15,24,98,15,2,0.14,67,72
2023/4/16,15,54,19,2,0.17,68,49
2023/4/17,40,112,29,4,0.5,73,81
2023/4/18,33,92,33,2,0.51,76,71
2023/4/19,35,106,30,2,0.51,98,78
2023/4/20,20,98,12,2,0.2,81,73
2023/4/21,10,38,9,2,0.19,78,38
2023/4/22,19,32,15,2,0.28,56,32
2023/4/23,29,55,28,2,0.4,52,52
2023/4/24,27,64,23,2,0.35,70,56
2023/4/25,31,78,13,2,0.28,64,65
2023/4/26,14,55,22,2,0.21,70,51
2023/4/27,51,112,37,2,0.51,58,82
2023/4/28,37,85,16,2,0.32,58,67
2023/4/29,11,43,12,2,0.2,70,41
2023/4/30,13,42,18,2,0.22,75,42
2023/5/1,38,90,28,3,0.48,99,70
2023/5/2,40,100,23,3,0.59,117,77
2023/5/3,42,101,24,3,0.65,126,82
2023/5/4,31,64,16,2,0.62,83,53
2023/5/5,10,22,11,3,0.32,57,23
2023/5/6,7,24,17,2,0.21,73,29
2023/5/7,11,32,23,2,0.23,69,37
2023/5/8,18,49,24,2,0.28,91,48
2023/5/9,27,66,27,2,0.4,102,58
2023/5/10,21,57,28,2,0.38,97,55
2023/5/11,42,81,28,3,0.45,115,70
2023/5/12,38,62,28,2,0.48,81,57
2023/5/13,10,27,20,2,0.28,78,33
2023/5/14,30,72,26,3,0.47,112,69
2023/5/15,53,102,24,3,0.8,155,98
2023/5/16,48,105,18,2,0.62,135,84
2023/5/17,28,62,14,2,0.45,103,56
2023/5/18,18,50,19,2,0.49,86,49
2023/5/19,41,68,27,3,0.78,36,62
2023/5/20,49,225,9,3,0.17,66,158
2023/5/21,30,116,9,2,0.18,77,91
2023/5/22,12,36,15,2,0.16,75,37
2023/5/23,12,40,22,2,0.24,85,43
2023/5/24,29,85,15,3,0.44,127,70
2023/5/25,34,77,15,2,0.41,97,63
2023/5/26,47,90,23,2,0.51,103,75
2023/5/27,62,89,19,2,0.69,88,85
2023/5/28,28,43,13,2,0.43,103,51
2023/5/29,29,58,17,2,0.49,126,66
2023/5/30,34,60,19,2,0.5,90,54
2023/5/31,41,70,25,2,0.59,81,60
2023/6/1,29,63,20,2,0.4,78,55
2023/6/2,7,29,12,2,0.19,92,35
2023/6/3,10,28,20,2,0.23,89,36
2023/6/4,9,27,17,2,0.2,94,36
2023/6/5,18,49,20,2,0.32,111,53
2023/6/6,11,31,13,2,0.2,101,36
2023/6/7,16,50,22,2,0.3,105,52
2023/6/8,10,40,14,2,0.19,91,40
2023/6/9,8,25,18,2,0.21,67,30
2023/6/10,5,16,10,2,0.22,83,27
2023/6/11,9,24,15,2,0.36,83,32
2023/6/12,13,25,12,2,0.35,93,40
2023/6/13,7,18,16,2,0.26,99,32
2023/6/14,24,54,21,2,0.54,152,79
2023/6/15,29,67,20,4,0.65,187,94
2023/6/16,38,80,19,4,0.73,200,99
2023/6/17,35,79,24,3,0.48,173,90
2023/6/18,43,79,14,2,0.62,178,90
2023/6/19,48,73,18,3,0.61,112,69
2023/6/20,18,26,14,2,0.33,94,41
2023/6/21,8,21,26,2,0.23,93,35
2023/6/22,16,42,27,2,0.3,129,66
2023/6/23,27,63,24,3,0.5,162,85
2023/6/24,28,64,21,3,0.45,153,77
2023/6/25,33,64,15,3,0.65,146,73
2023/6/26,23,45,13,2,0.45,104,49
2023/6/27,17,35,19,2,0.4,137,65
2023/6/28,24,48,20,2,0.5,102,46
2023/6/29,15,29,18,2,0.34,112,48
2023/6/30,20,51,25,2,0.45,159,81
2023/7/1,22,58,22,2,0.45,165,81
2023/7/2,29,63,23,2,0.48,171,90
2023/7/3,37,61,13,2,0.79,128,65
2023/7/4,15,22,9,2,0.4,114,39
2023/7/5,15,46,22,2,0.31,91,44
2023/7/6,12,45,28,2,0.3,111,58
2023/7/7,12,38,17,2,0.35,101,43
2023/7/8,5,16,13,2,0.27,83,29
2023/7/9,6,16,14,2,0.27,93,29
2023/7/10,17,42,19,3,0.45,140,65
2023/7/11,20,37,10,2,0.58,158,63
2023/7/12,22,29,10,3,0.69,86,35
2023/7/13,12,15,12,3,0.57,72,24
2023/7/14,17,26,11,3,0.43,70,34
2023/7/15,7,14,7,2,0.24,88,28
2023/7/16,11,20,14,2,0.26,89,30
2023/7/17,21,43,20,2,0.45,131,65
2023/7/18,27,51,20,2,0.48,133,68
2023/7/19,32,57,20,2,0.5,147,74
2023/7/20,34,62,21,2,0.52,138,71
2023/7/21,31,44,12,2,0.62,96,45
2023/7/22,23,29,10,3,0.58,65,34
2023/7/23,17,28,15,2,0.5,80,37
2023/7/24,31,52,16,2,0.58,124,61
2023/7/25,7,14,10,3,0.33,128,50
2023/7/26,32,52,14,3,0.64,116,57
2023/7/27,27,41,16,3,0.54,102,49
2023/7/28,11,22,15,3,0.41,71,26
2023/7/29,16,29,16,3,0.49,43,29
2023/7/30,4,7,7,3,0.37,29,11
2023/7/31,11,15,8,3,0.38,26,17
2023/8/1,20,27,11,3,0.5,33,30
2023/8/2,25,34,9,3,0.49,65,37
2023/8/3,40,56,10,3,0.55,75,57
2023/8/4,27,39,15,3,0.52,74,44
2023/8/5,14,27,15,2,0.37,70,33
2023/8/6,16,32,13,2,0.6,71,32
2023/8/7,26,47,17,2,0.53,64,46
2023/8/8,37,54,17,3,0.6,88,55
2023/8/9,50,70,15,3,0.78,107,70
2023/8/10,49,71,13,2,0.89,110,71
2023/8/11,43,65,20,2,0.68,62,62
2023/8/12,9,12,9,2,0.46,77,26
2023/8/13,11,20,13,2,0.46,82,30
2023/8/14,19,37,16,2,0.44,99,44
2023/8/15,25,48,16,2,0.51,107,54
2023/8/16,30,54,14,2,0.56,122,61
2023/8/17,26,42,13,2,0.6,126,56
2023/8/18,23,52,17,2,0.37,82,51
2023/8/19,23,56,22,2,0.42,113,65
2023/8/20,35,63,19,2,0.58,94,55
2023/8/21,10,18,11,3,0.43,110,38
2023/8/22,6,17,15,3,0.27,69,25
2023/8/23,9,23,16,2,0.32,86,29
2023/8/24,10,16,13,3,0.37,76,24
2023/8/25,14,24,15,3,0.41,72,30
2023/8/26,13,25,15,2,0.43,75,30
2023/8/27,22,37,19,2,0.53,66,39
2023/8/28,11,23,17,2,0.38,63,28
2023/8/29,10,22,16,3,0.29,63,27
2023/8/30,13,30,19,2,0.35,65,32
2023/8/31,20,36,16,2,0.46,73,37
2023/9/1,20,33,17,3,0.54,74,39
2023/9/2,27,49,23,2,0.57,80,47
2023/9/3,28,38,15,2,0.57,100,49
2023/9/4,48,65,20,2,0.68,103,71
2023/9/5,72,92,18,2,0.84,117,99
2023/9/6,62,85,19,3,0.78,111,90
2023/9/7,60,83,16,3,0.71,109,82
2023/9/8,71,92,20,2,0.83,68,96
2023/9/9,16,19,9,3,0.49,86,28
2023/9/10,20,26,11,3,0.56,85,31
2023/9/11,26,36,16,3,0.57,65,43
2023/9/12,5,14,18,2,0.3,60,22
2023/9/13,13,38,23,2,0.44,73,39
2023/9/14,24,51,26,2,0.5,87,53
2023/9/15,30,58,28,2,0.5,101,62
2023/9/16,49,79,28,2,0.64,105,74
2023/9/17,55,80,24,2,0.65,88,75
2023/9/18,20,34,19,2,0.5,88,37
2023/9/19,8,20,23,2,0.33,39,23
2023/9/20,7,21,22,2,0.32,44,24
2023/9/21,16,44,27,2,0.43,65,43
2023/9/22,9,23,18,2,0.32,65,29
2023/9/23,13,32,25,2,0.45,49,33
2023/9/24,21,46,32,2,0.55,36,45
2023/9/25,25,47,27,2,0.53,35,45
2023/9/26,45,72,33,2,0.67,40,64
2023/9/27,32,54,27,2,0.53,43,53
2023/9/28,7,26,29,2,0.3,37,27
2023/9/29,14,43,25,2,0.34,49,42
2023/9/30,4,14,12,3,0.24,54,21
2023/10/1,8,25,20,2,0.25,45,27
2023/10/2,24,55,30,2,0.44,48,49
2023/10/3,33,63,24,2,0.54,67,55
2023/10/4,8,19,17,2,0.3,46,22
2023/10/5,7,22,21,2,0.25,36,22
2023/10/6,14,36,26,2,0.33,32,35
2023/10/7,33,68,33,2,0.53,45,58
2023/10/8,26,47,29,2,0.41,41,43
2023/10/9,6,13,15,2,0.3,53,20
2023/10/10,12,24,24,2,0.42,50,27
2023/10/11,28,54,32,2,0.51,61,50
2023/10/12,67,104,50,2,0.71,30,91
2023/10/13,39,52,29,2,0.52,33,58
2023/10/14,7,16,26,2,0.32,41,22
2023/10/15,8,26,24,2,0.3,40,27
2023/10/16,12,34,22,2,0.4,44,34
2023/10/17,32,69,32,2,0.59,50,59
2023/10/18,15,29,19,2,0.37,50,31
2023/10/19,4,16,13,2,0.22,44,19
2023/10/20,5,19,14,2,0.25,44,23
2023/11/1,128,196,33,2,1.19,59,167
2023/11/2,68,147,17,2,0.79,60,109
2023/11/3,5,37,17,2,0.28,40,34
2023/11/4,23,77,35,2,0.53,23,64
2023/11/5,19,52,23,2,0.48,32,43
2023/11/6,10,49,7,2,0.21,52,43
2023/11/7,20,41,31,2,0.36,25,40
2023/11/8,30,60,37,2,0.48,22,55
2023/11/9,5,17,9,2,0.25,51,24
2023/11/10,5,17,13,2,0.23,40,18
2023/11/11,8,19,16,2,0.23,38,19
2023/11/12,5,16,7,2,0.2,50,17
2023/11/13,20,38,27,2,0.3,33,35
2023/11/14,35,65,45,2,0.53,18,57
2023/11/15,45,87,52,2,0.69,10,69
2023/11/16,6,24,8,2,0.2,55,25
2023/11/17,3,16,6,2,0.22,51,18
2023/11/18,18,44,38,2,0.4,21,40
2023/11/19,25,61,38,2,0.45,23,55
2023/11/20,60,115,63,3,0.77,13,88
2023/11/21,113,177,63,3,0.99,20,150
2023/11/22,81,137,40,2,0.71,35,123
2023/11/23,3,23,5,2,0.21,53,23
2023/11/24,8,25,17,2,0.32,36,25
2023/11/25,29,59,45,3,0.52,10,54
2023/11/26,36,76,50,2,0.69,6,63
2023/11/27,24,55,29,2,0.53,30,46
2023/11/28,9,26,20,2,0.27,43,28
2023/11/29,5,17,5,2,0.21,60,20
2023/11/30,6,19,10,2,0.21,54,20
2023/12/1,17,39,30,2,0.34,35,36
2023/12/2,24,56,41,3,0.49,25,51
2023/12/3,33,66,53,4,0.66,17,56
2023/12/4,58,108,63,4,0.96,9,80
2023/12/5,71,135,70,5,1.13,9,99
2023/12/6,39,165,22,2,0.28,43,107
2023/12/7,88,299,58,4,0.75,11,174
2023/12/8,85,244,71,4,1.1,11,147
2023/12/9,37,115,44,4,0.74,22,83
2023/12/10,28,61,37,7,0.78,16,56
2023/12/11,26,40,27,2,0.57,25,41
2023/12/12,56,70,40,2,0.75,9,76
2023/12/13,78,97,44,2,1.24,9,104
2023/12/14,52,64,30,2,1.02,21,72
2023/12/15,8,18,7,2,0.3,55,19
2023/12/16,6,16,4,3,0.25,59,19
2023/12/17,16,29,22,2,0.39,45,29
2023/12/18,49,68,53,3,0.68,19,69
2023/12/19,23,36,21,2,0.4,50,42
2023/12/20,7,15,7,2,0.3,59,19
2023/12/21,8,21,10,2,0.24,54,22
2023/12/22,16,35,31,2,0.4,36,35
2023/12/23,24,42,30,2,0.48,37,42
2023/12/24,30,51,34,3,0.46,36,49
2023/12/25,45,75,61,2,0.76,17,67
2023/12/26,34,58,46,2,0.61,25,55
2023/12/27,25,45,43,2,0.65,17,45
2023/12/28,43,69,50,2,0.81,15,62
2023/12/29,93,126,68,2,1.13,10,123
2023/12/30,121,152,64,2,1.22,18,163
2023/12/31,11,27,19,2,0.27,53,27
2024/1/1,66,101,53,2,0.77,15,91
2024/1/2,70,99,53,2,0.9,14,95
2024/1/3,16,33,32,2,0.38,38,31
2024/1/4,45,71,44,2,0.66,28,65
2024/1/5,19,44,32,1,0.42,36,41
2024/1/6,6,14,11,2,0.23,47,18
2024/1/7,12,25,23,2,0.32,33,25
2024/1/8,40,68,51,2,0.64,11,61
2024/1/9,30,49,35,2,0.5,29,46
2024/1/10,29,48,42,2,0.53,26,45
2024/1/11,60,98,61,2,0.93,14,81
2024/1/12,75,120,65,3,1.23,12,101
2024/1/13,52,82,47,2,1.01,17,74
2024/1/14,7,20,14,2,0.26,57,24
2024/1/15,17,39,38,2,0.46,28,36
2024/1/16,51,86,55,2,0.73,11,76
2024/1/17,88,131,64,2,0.93,6,117
2024/1/18,75,103,53,3,1,13,101
2024/1/19,44,73,54,3,0.89,12,65
2024/1/20,32,60,40,3,0.72,26,53
2024/1/21,5,16,6,2,0.2,63,20
2024/1/22,6,13,8,2,0.22,61,19
2024/1/23,6,16,10,2,0.22,59,19
2024/1/24,11,27,21,2,0.28,51,27
2024/1/25,13,26,21,2,0.31,52,27
2024/1/26,16,38,19,3,0.33,55,38
2024/1/27,17,37,24,2,0.35,50,36
2024/1/28,28,51,41,3,0.51,33,48
2024/1/29,61,97,49,5,0.96,22,86
2024/1/30,92,124,40,2,1.12,23,122
2024/1/31,43,60,24,2,0.61,46,62
2024/2/1,19,34,20,4,0.39,48,34
2024/2/2,39,62,38,2,0.63,22,58
2024/2/3,54,80,43,3,0.73,23,75
2024/2/4,74,103,45,4,1,23,99
2024/2/5,68,92,34,4,0.83,40,92
2024/2/6,36,48,19,2,0.48,52,51
2024/2/7,17,25,9,2,0.3,73,27
2024/2/8,17,25,11,2,0.3,69,30
2024/2/9,35,47,16,2,0.45,65,51
2024/2/10,27,39,8,2,0.25,72,39
2024/2/11,51,70,20,3,0.44,55,71
2024/2/12,80,110,30,4,0.69,58,107
2024/2/13,109,152,36,4,0.92,73,143
2024/2/14,43,64,18,2,0.48,66,66
2024/2/15,9,18,8,2,0.25,68,26
2024/2/16,43,74,21,2,0.53,52,65
2024/2/17,67,101,30,3,0.69,47,90
2024/2/18,64,89,25,3,0.96,44,88
2024/2/19,7,29,4,2,0.2,72,30
2024/2/20,9,20,7,2,0.27,62,23
2024/2/21,11,21,11,2,0.29,56,21
2024/2/22,5,12,8,2,0.24,65,21
2024/2/23,19,33,28,3,0.53,41,33
2024/2/24,41,60,32,2,0.6,44,58
2024/2/25,27,52,15,2,0.3,57,51
2024/2/26,48,82,26,5,0.72,55,70
2024/2/27,45,90,31,3,0.49,46,71
2024/2/28,45,86,30,2,0.47,43,70
2024/2/29,10,28,7,2,0.25,72,30
2024/3/1,11,34,15,2,0.25,60,34
2024/3/2,28,99,25,2,0.35,48,74
2024/3/3,24,63,23,2,0.44,55,53
2024/3/4,32,60,29,3,0.66,53,54
2024/3/5,54,82,25,2,0.67,55,75
2024/3/6,32,43,23,2,0.41,54,49
2024/3/7,34,52,25,2,0.43,50,55
2024/3/8,7,20,15,2,0.23,64,24
2024/3/9,34,68,39,3,0.46,43,58
2024/3/10,82,136,55,4,0.73,38,110
2024/3/11,51,83,32,2,0.51,55,75
2024/3/12,27,47,19,2,0.35,75,45
2024/3/13,37,72,37,2,0.42,58,61
2024/3/14,35,70,37,2,0.45,64,59
2024/3/15,80,142,37,3,0.64,87,107
2024/3/16,66,142,20,3,0.67,81,115
2024/3/17,7,42,11,2,0.21,78,39
2024/3/18,40,151,28,2,0.38,53,112
2024/3/19,14,104,6,2,0.2,74,79
2024/3/20,14,57,17,2,0.23,63,51
2024/3/21,46,115,46,4,0.5,42,82
2024/3/22,37,80,32,2,0.5,63,63
2024/3/23,51,101,43,5,0.7,64,78
2024/3/24,62,105,35,5,1.05,60,84
2024/3/25,58,72,24,2,0.6,59,79
2024/3/26,81,106,39,2,0.78,23,108
2024/3/27,104,136,45,2,1,18,137
2024/3/28,58,348,14,2,0.28,74,203
2024/3/29,28,147,13,2,0.23,76,98
2024/3/30,14,50,15,2,0.23,77,46
2024/3/31,44,113,35,5,0.74,63,81
2024/4/1,45,109,28,5,0.77,78,80
2024/4/2,48,121,26,4,0.58,93,85
2024/4/3,45,94,27,3,0.53,82,72
2024/4/4,41,89,31,4,0.59,55,70
2024/4/5,41,84,30,3,0.48,72,69
2024/4/6,57,102,32,2,0.5,78,83
2024/4/7,14,48,25,2,0.28,65,44
2024/4/8,27,116,30,3,0.46,62,83
2024/4/9,22,69,21,2,0.43,68,59
2024/4/10,39,69,42,2,0.56,29,62
2024/4/11,80,108,38,2,0.64,60,107
2024/4/12,113,162,43,2,0.83,68,151
2024/4/13,58,93,23,2,0.62,89,81
2024/4/14,42,67,22,2,0.61,52,60
2024/4/15,32,114,12,2,0.28,64,83
2024/4/16,15,65,22,2,0.22,72,56
2024/4/17,42,119,35,3,0.42,87,85
2024/4/18,44,118,31,3,0.57,103,84
2024/4/19,19,77,23,5,0.58,72,64
2024/4/20,16,48,17,2,0.32,71,47
2024/4/21,53,107,28,4,0.66,107,83
2024/4/22,60,106,25,3,0.66,91,84
2024/4/23,8,18,12,2,0.26,62,25
2024/4/24,22,58,27,2,0.36,67,50
2024/4/25,59,127,32,3,0.62,98,93
2024/4/26,70,158,37,2,0.65,88,104
2024/4/27,54,112,27,3,0.78,74,84
2024/4/28,11,26,14,2,0.33,56,26
2024/4/29,13,20,14,2,0.33,41,20
2024/4/30,10,22,21,2,0.29,48,27
2024/5/1,13,43,26,2,0.26,67,42
2024/5/2,28,71,25,3,0.38,97,62
2024/5/3,30,68,21,2,0.37,113,61
2024/5/4,46,88,33,3,0.5,92,69
2024/5/5,63,98,23,2,0.63,85,86
2024/5/6,36,62,21,2,0.4,88,60
2024/5/7,25,59,27,2,0.36,92,54
2024/5/8,35,80,28,2,0.47,114,72
2024/5/9,38,91,22,3,0.52,133,78
2024/5/10,46,140,20,3,0.44,98,106
2024/5/11,39,180,8,3,0.15,83,132
2024/5/12,13,39,18,2,0.21,72,42
2024/5/13,17,57,26,2,0.28,95,53
2024/5/14,21,72,15,2,0.29,90,57
2024/5/15,7,30,9,2,0.15,91,34
2024/5/16,22,68,28,2,0.35,94,59
2024/5/17,33,84,29,3,0.6,146,86
2024/5/18,50,102,21,4,0.95,171,95
2024/5/19,46,77,14,2,0.85,114,64
2024/5/20,13,25,13,2,0.44,95,32
2024/5/21,23,47,21,3,0.52,110,55
2024/5/22,52,89,25,2,0.7,119,83
2024/5/23,47,88,17,2,0.63,107,72
2024/5/24,15,37,16,3,0.46,58,37
2024/5/25,15,23,15,3,0.49,50,25
2024/5/26,9,16,13,2,0.35,62,27
2024/5/27,16,35,22,2,0.23,80,36
2024/5/28,27,54,26,2,0.35,119,67
2024/5/29,30,78,20,3,0.42,142,76
2024/5/30,17,41,18,2,0.36,95,44
2024/5/31,4,13,11,2,0.2,86,28
2024/6/1,11,34,22,2,0.27,91,40
2024/6/2,16,42,22,2,0.35,105,46
2024/6/3,22,52,24,2,0.45,128,65
2024/6/4,29,63,24,4,0.63,140,74
2024/6/5,33,71,26,4,0.63,120,64
2024/6/6,36,73,22,3,0.53,128,74
2024/6/7,28,58,18,2,0.44,82,50
2024/6/8,25,41,16,2,0.48,109,54
2024/6/9,27,43,18,2,0.44,124,61
2024/6/10,29,51,15,3,0.66,139,67
2024/6/11,16,37,23,3,0.46,134,63
2024/6/12,19,52,23,2,0.42,148,73
2024/6/13,27,63,17,2,0.59,154,69
2024/6/14,20,34,13,2,0.48,115,44
2024/6/15,11,25,18,2,0.3,80,36
2024/6/16,23,53,22,3,0.47,115,60
2024/6/17,33,73,18,2,0.47,159,83
2024/6/18,34,75,22,3,0.51,166,90
2024/6/19,44,91,20,3,0.56,167,93
2024/6/20,42,76,16,3,0.65,135,74
2024/6/21,31,51,20,3,0.67,72,50
2024/6/22,45,133,15,3,0.43,85,97
2024/6/23,50,195,13,2,0.2,64,137
2024/6/24,7,19,11,2,0.18,78,29
2024/6/25,12,32,19,2,0.29,110,43
2024/6/26,31,72,17,4,0.68,161,80
2024/6/27,26,74,18,2,0.38,142,71
2024/6/28,28,66,20,3,0.43,160,80
2024/6/29,34,72,15,4,0.67,149,71
2024/6/30,25,37,12,2,0.5,124,55
2024/7/1,14,23,9,3,0.43,107,35
2024/7/2,23,33,13,3,0.45,72,34
2024/7/3,22,32,13,3,0.38,94,37
2024/7/4,40,59,19,2,0.58,115,62
2024/7/5,54,74,16,3,0.66,123,84
2024/7/6,22,31,11,3,0.45,108,45
2024/7/7,19,34,16,2,0.48,102,40
2024/7/8,22,32,11,2,0.49,95,37
2024/7/9,44,59,16,2,0.63,108,64
2024/7/10,50,72,18,2,0.66,131,81
2024/7/11,54,85,20,3,0.75,148,88
2024/7/12,28,44,15,3,0.58,108,45
2024/7/13,36,44,10,3,0.64,106,52
2024/7/14,53,65,12,2,0.92,98,73
2024/7/15,42,56,13,3,0.72,85,59
2024/7/16,28,35,9,3,0.6,99,44
2024/7/17,8,15,15,2,0.3,85,29
2024/7/18,9,24,18,2,0.29,78,32
2024/7/19,20,45,20,2,0.5,122,61
2024/7/20,15,30,12,2,0.4,128,53
2024/7/21,27,49,11,2,0.49,124,50
2024/7/22,15,27,9,3,0.48,121,40
2024/7/23,37,61,12,3,0.71,116,58
2024/7/24,29,46,11,3,0.55,103,48
2024/7/25,12,17,8,3,0.48,82,26
2024/7/26,12,17,9,3,0.49,82,31
2024/7/27,19,28,9,3,0.58,85,37
2024/7/28,14,25,9,3,0.48,82,31
2024/7/29,20,38,13,3,0.48,85,40
2024/7/30,7,11,9,3,0.48,51,19
2024/7/31,14,19,8,3,0.53,78,32
2024/8/1,9,16,11,3,0.47,85,27
2024/8/2,19,34,16,3,0.55,75,34
2024/8/3,19,29,12,3,0.59,77,31
2024/8/4,18,24,9,3,0.55,87,37
2024/8/5,7,12,10,3,0.36,96,30
2024/8/6,19,38,16,3,0.45,103,45
2024/8/7,32,50,16,3,0.58,87,50
2024/8/8,19,33,18,3,0.47,92,43
2024/8/9,31,47,14,3,0.71,86,49
2024/8/10,8,21,9,3,0.55,76,29
2024/8/11,7,19,13,3,0.38,61,27
2024/8/12,1,6,7,3,0.3,57,18
2024/8/13,6,13,8,3,0.37,54,18
2024/8/14,12,24,12,3,0.41,61,27
2024/8/15,24,42,17,3,0.6,75,43
2024/8/16,27,42,19,3,0.63,63,43
2024/8/17,23,34,12,3,0.61,86,38
2024/8/18,14,18,8,3,0.55,94,30
2024/8/19,13,19,9,3,0.54,83,26
2024/8/20,7,12,10,3,0.53,53,18
2024/8/21,8,14,10,3,0.49,65,23
2024/8/22,10,21,14,3,0.43,62,28
2024/8/23,20,38,15,3,0.64,79,42
2024/8/24,13,25,12,3,0.48,87,33
2024/8/25,15,29,15,3,0.48,63,30
2024/8/26,8,13,7,3,0.45,78,26
2024/8/27,8,15,13,2,0.35,57,21
2024/8/28,13,26,17,2,0.42,70,31
2024/8/29,20,37,18,3,0.48,92,43
2024/8/30,28,49,19,2,0.6,109,58
2024/8/31,34,54,15,2,0.7,99,52
2024/9/1,12,20,13,3,0.43,58,28
2024/9/2,3,11,11,3,0.27,64,21
2024/9/3,13,32,18,2,0.4,61,32
2024/9/4,37,62,19,3,0.64,70,58
2024/9/5,9,12,12,3,0.36,51,23
2024/9/6,7,17,18,2,0.39,59,23
2024/9/7,12,21,13,3,0.4,51,22
2024/9/8,17,26,18,3,0.48,32,26
2024/9/9,40,53,21,3,0.93,36,58
2024/9/10,4,9,15,3,0.37,43,17
2024/9/11,6,19,19,3,0.4,27,20
2024/9/12,8,22,20,3,0.39,48,26
2024/9/13,12,30,21,3,0.47,71,33
2024/9/14,7,19,12,3,0.35,52,23
2024/9/15,11,27,20,3,0.4,50,28
2024/9/16,18,38,21,3,0.47,61,40
2024/9/17,12,24,13,3,0.44,60,26
2024/9/18,20,38,14,3,0.71,72,38
2024/9/19,29,53,20,3,0.74,86,53
2024/9/20,16,26,13,3,0.47,46,31
2024/9/21,1,4,9,3,0.24,55,17
2024/9/22,4,11,15,3,0.23,50,18
2024/9/23,15,34,24,2,0.33,55,34
2024/9/24,32,60,28,3,0.49,82,56
2024/9/25,26,35,19,3,0.44,55,43
2024/9/26,19,34,25,3,0.55,42,34
2024/9/27,27,47,27,3,0.58,44,46
2024/9/28,32,54,27,3,0.74,39,52
2024/9/29,49,71,21,3,0.82,58,68
2024/9/30,2,4,13,3,0.35,33,12
2024/10/1,2,7,10,3,0.22,47,15
2024/10/2,6,15,16,2,0.25,37,18
2024/10/3,14,30,21,2,0.35,49,30
2024/10/4,42,71,29,3,0.51,62,63
2024/10/5,59,91,32,3,0.58,73,81
2024/10/6,59,85,31,2,0.62,46,81
2024/10/7,12,18,17,2,0.34,37,24
2024/10/8,11,25,24,2,0.34,40,26
2024/10/9,54,89,43,2,0.6,28,77
2024/10/10,6,14,17,2,0.24,49,22
2024/10/11,24,55,37,2,0.43,31,48
2024/10/12,59,104,38,4,0.74,59,84
2024/10/13,87,128,28,3,1.25,48,116
2024/10/14,90,120,30,3,1.21,44,120
2024/10/15,25,39,21,2,0.47,44,40
2024/10/16,19,45,28,3,0.57,35,45
2024/10/17,33,63,32,3,0.62,19,57
2024/10/18,24,33,18,3,0.55,34,38
2024/10/19,2,7,12,2,0.22,45,17
2024/10/20,14,33,27,3,0.39,24,33
2024/10/21,35,54,30,2,0.48,19,52
2024/10/22,12,21,20,2,0.29,39,26
2024/10/23,21,43,36,2,0.43,20,40
2024/10/24,40,70,39,3,0.55,30,62
2024/10/25,111,151,46,3,0.81,37,148
2024/10/26,154,198,44,3,1.08,28,201
2024/10/27,14,23,22,3,0.32,39,28
2024/10/28,21,45,34,3,0.4,31,40
2024/10/29,66,103,47,3,0.63,32,90
2024/10/30,65,98,42,3,0.82,30,89
2024/10/31,103,144,49,2,0.93,18,136
2024/11/1,99,136,33,2,0.9,37,130
2024/11/2,93,123,35,2,0.94,25,123
2024/11/3,46,65,19,2,0.6,45,71
2024/11/4,3,10,15,2,0.24,38,17
2024/11/5,15,39,34,3,0.42,19,38
2024/11/6,30,60,44,3,0.56,18,52
2024/11/7,68,114,58,4,0.78,16,93
2024/11/8,113,163,57,3,0.86,25,148
2024/11/9,122,160,49,3,0.88,27,161
2024/11/10,93,119,34,3,0.68,35,125
2024/11/11,53,81,38,3,0.85,14,74
2024/11/12,62,97,34,3,0.74,23,84
2024/11/13,60,85,38,3,0.88,11,81
2024/11/14,37,44,33,3,0.82,19,53
2024/11/15,49,68,39,3,0.9,13,70
2024/11/16,19,42,20,3,0.4,45,43
2024/11/17,6,28,18,3,0.23,45,29
2024/11/18,16,42,31,3,0.46,19,41
2024/11/19,34,66,39,3,0.61,12,57
2024/11/20,46,78,40,3,0.65,16,65
2024/11/21,12,23,26,3,0.32,36,25
2024/11/22,11,31,36,3,0.43,25,32
2024/11/23,30,54,29,3,0.6,26,51
2024/11/24,65,98,43,3,0.86,8,88
2024/11/25,30,45,21,3,0.45,38,48
2024/11/26,2,8,4,3,0.2,59,19
2024/11/27,4,16,4,3,0.2,56,19
2024/11/28,5,18,7,3,0.2,51,19
2024/11/29,12,28,28,3,0.31,34,30
2024/11/30,19,45,43,3,0.51,18,43
2024/12/1,27,57,36,4,0.51,25,51
2024/12/2,4,13,10,2,0.24,53,22
2024/12/3,14,36,30,2,0.35,27,36
2024/12/4,16,34,31,3,0.35,32,34
2024/12/5,8,20,15,2,0.25,46,21
2024/12/6,9,22,22,2,0.28,35,24
2024/12/7,6,14,6,2,0.2,54,17
2024/12/8,11,27,26,3,0.34,34,27
2024/12/9,22,46,41,3,0.53,17,44
2024/12/10,20,39,35,3,0.45,25,38
2024/12/11,22,41,32,3,0.48,28,39
2024/12/12,43,76,48,3,0.74,8,64
2024/12/13,10,25,10,3,0.23,51,25
2024/12/14,9,26,17,2,0.28,47,26
2024/12/15,13,35,24,2,0.35,44,34
2024/12/16,15,35,32,3,0.4,35,35
2024/12/17,7,17,13,2,0.26,54,20
2024/12/18,7,17,14,2,0.27,51,22
2024/12/19,24,48,44,3,0.5,18,44
2024/12/20,23,43,26,2,0.4,34,40
2024/12/21,6,17,6,2,0.23,56,19
2024/12/22,13,27,27,2,0.37,38,27
2024/12/23,21,41,39,3,0.55,25,40
2024/12/24,43,75,58,4,0.81,11,66
2024/12/25,35,71,34,2,0.59,35,63
2024/12/26,9,25,14,2,0.25,48,25
2024/12/27,6,18,5,2,0.2,56,19
2024/12/28,13,40,24,3,0.33,40,39
2024/12/29,32,75,53,3,0.6,13,62
2024/12/30,24,88,19,3,0.35,52,65
2024/12/31,22,53,36,3,0.47,32,47
